{"centers": [[1.206340908882105, 1.2670631670481762, 1.2540728587488776, 1.198902636803769], [-0.46639833339329767, -0.48248029634007406, -0.46083603743847984, -0.5003119401878996], [-1.459033207298275, -1.47554478604539, -1.4715255660830915, -1.5013290011429088], [0.3404679053568304, 0.3156419493522588, 0.30896547533304913, 0.39548872431103826]], "mean": [57407.56302521008, 425.6302521008403, 19.798319327731093, 6.794117647058823], "scale": [11379.892776620189, 139.7575250478466, 4.5532882788299975, 1.8950530077350227]}